model,threshold,accuracy,precision,recall,f1,roc_auc,average_precision,true_negative,false_positive,false_negative,true_positive
Random Forest,0.3,0.29702656375400044,0.2598006366225498,0.9897482947066097,0.4115680956764782,0.6661812974349985,0.3930078123204811,5166,70692,257,24812
Random Forest,0.4,0.44621359992866133,0.29312034364722467,0.8710359408033826,0.4386324374271825,0.6661812974349985,0.3930078123204811,23199,52659,3233,21836
Random Forest,0.5,0.6296432074667829,0.3530886003437082,0.5900913478798516,0.4418128873292018,0.6661812974349985,0.3930078123204811,48755,27103,10276,14793
Random Forest,0.6,0.7447561108523982,0.4659046117461569,0.1885994654752882,0.2685066871113383,0.6661812974349985,0.3930078123204811,70438,5420,20341,4728
Random Forest,0.7,0.7542183954739564,0.6597812879708383,0.021660217798875104,0.04194345743859107,0.6661812974349985,0.3930078123204811,75578,280,24526,543
