model,threshold,accuracy,precision,recall,f1,roc_auc,average_precision,brier_score,log_loss,true_negative,false_positive,false_negative,true_positive
Dummy prevalence baseline,0.5,0.7516125516462394,0.0,0.0,0.0,0.5,0.24838744835376064,0.18704652509847808,0.5615429870890148,75858,0,25069,0
Balanced logistic regression,0.5,0.6977221159848207,0.38854051395549,0.3781562886433444,0.383278078757985,0.6518590282741381,0.3828783215082082,0.20123067422912946,0.5889215849818363,60939,14919,15589,9480
Random Forest,0.5,0.6273247000307153,0.358757825519074,0.6354860584785991,0.4586110111550918,0.6877370683442213,0.42265816785670696,0.2211321858655747,0.6312858816457371,47383,28475,9138,15931
