model,threshold,accuracy,precision,recall,f1,roc_auc,average_precision,true_negative,false_positive,false_negative,true_positive
Dummy majority baseline,0.5,0.7516125516462394,0.0,0.0,0.0,,0.24838744835376064,75858,0,25069,0
Balanced logistic regression,0.5,0.5975804294192832,0.33696883258525945,0.6408711955004188,0.44169519017966374,0.6612119166145337,0.39268906041502566,44246,31612,9003,16066
Random Forest,0.5,0.6296432074667829,0.3530886003437082,0.5900913478798516,0.4418128873292018,0.6661812974349985,0.3930078123204811,48755,27103,10276,14793
