model,threshold,accuracy,precision,recall,f1,roc_auc,average_precision,brier_score,log_loss,true_negative,false_positive,false_negative,true_positive,train_years,test_year,training_records,test_records,seed
Balanced logistic regression,0.5,0.6536547726216032,0.3421289973458397,0.5833992442218121,0.43131649476163403,0.6811393022957821,0.3870272166968589,0.21786119950052177,0.6257769188062369,52799,25530,9481,13277,2020,2021,91199,101087,42
Random Forest,0.5,0.6431192932820244,0.34113465025288675,0.6283065295720186,0.4421869684881096,0.693730280748314,0.39645318148154085,0.21690496440007662,0.6231100969294904,50712,27617,8459,14299,2020,2021,91199,101087,42
Balanced logistic regression,0.5,0.6147409531715784,0.33723595873587686,0.6607579707238821,0.44655852339716223,0.6822284080785225,0.4039103645022621,0.2319659907076803,0.6565965756924308,48689,32380,8459,16476,2020–2021,2022,192286,106004,42
Random Forest,0.5,0.6352024451907475,0.34936719966660085,0.6387808301584119,0.45169157473839433,0.6957649614663917,0.416964083279191,0.2194275005159183,0.6283905438034435,51406,29663,9007,15928,2020–2021,2022,192286,106004,42
Balanced logistic regression,0.5,0.6242686412553473,0.3442820518438986,0.6294871794871795,0.4451180645069904,0.6768504908617994,0.40380669023187404,0.22742616598329066,0.6459744513707141,49373,29925,9248,15712,2020–2021–2022,2023,298290,104258,42
Random Forest,0.5,0.6360279307103531,0.35750806433916305,0.652724358974359,0.4619812564687868,0.7011518639159586,0.425202032236202,0.21881199451159639,0.6264242045443925,50019,29279,8668,16292,2020–2021–2022,2023,298290,104258,42
Balanced logistic regression,0.5,0.6977221159848207,0.38854051395549,0.3781562886433444,0.383278078757985,0.6518590282741381,0.3828783215082082,0.20123067422912946,0.5889215849818363,60939,14919,15589,9480,2020–2021–2022–2023,2024,402548,100927,42
Random Forest,0.5,0.6273247000307153,0.358757825519074,0.6354860584785991,0.4586110111550918,0.6877370683442213,0.42265816785670696,0.2211321858655747,0.6312858816457371,47383,28475,9138,15931,2020–2021–2022–2023,2024,402548,100927,42
